{"stats":{"minecraft:custom":{"minecraft:time_since_rest":10761,"minecraft:sprint_one_cm":88969,"minecraft:walk_one_cm":57513,"minecraft:damage_taken":1059,"minecraft:mob_kills":16,"minecraft:drop":10,"minecraft:damage_dealt":3298,"minecraft:interact_with_crafting_table":13,"minecraft:fly_one_cm":172372,"minecraft:open_chest":2,"minecraft:bell_ring":7,"minecraft:play_time":30000,"minecraft:crouch_one_cm":281,"minecraft:deaths":3,"minecraft:sneak_time":309,"minecraft:jump":902,"minecraft:time_since_death":10755,"minecraft:climb_one_cm":244,"minecraft:total_world_time":30000,"minecraft:fall_one_cm":31152},"minecraft:picked_up":{"minecraft:stick":6,"minecraft:crafting_table":1,"minecraft:leather":2,"minecraft:acacia_log":1,"minecraft:porkchop":5,"minecraft:yellow_bed":1,"minecraft:white_bed":1,"minecraft:grass_block":1,"minecraft:string":14,"minecraft:dirt":49,"minecraft:diamond_shovel":1,"minecraft:netherite_scrap":7,"minecraft:acacia_planks":4,"minecraft:bone":6,"minecraft:arrow":6,"minecraft:diamond_chestplate":7,"minecraft:rotten_flesh":2,"minecraft:diamond":28,"minecraft:hay_block":5,"minecraft:wheat_seeds":30,"minecraft:diamond_leggings":4,"minecraft:netherite_sword":4,"minecraft:diamond_boots":4,"minecraft:beef":5,"minecraft:diamond_helmet":1,"minecraft:mutton":2,"minecraft:white_wool":2,"minecraft:ender_pearl":1},"minecraft:killed":{"minecraft:horse":1,"minecraft:sheep":2,"minecraft:skeleton":1,"minecraft:zombie":1,"minecraft:pig":3,"minecraft:spider":4,"minecraft:enderman":2,"minecraft:cow":2},"minecraft:dropped":{"minecraft:wheat_seeds":1,"minecraft:diamond_chestplate":1,"minecraft:diamond":8},"minecraft:mined":{"minecraft:hay_block":6,"minecraft:white_bed":1,"minecraft:yellow_bed":1,"minecraft:acacia_log":2,"minecraft:grass":102,"minecraft:grass_block":34,"minecraft:dirt":4,"minecraft:tall_grass":3,"minecraft:tripwire":4},"minecraft:used":{"minecraft:netherite_sword":68,"minecraft:diamond_boots":2,"minecraft:diamond_shovel":36,"minecraft:bread":2,"minecraft:grass_block":1,"minecraft:string":4,"minecraft:ender_pearl":1,"minecraft:white_wool":2,"minecraft:rotten_flesh":2,"minecraft:diamond_chestplate":3,"minecraft:dirt":36,"minecraft:mutton":2,"minecraft:bow":2,"minecraft:beef":3,"minecraft:crafting_table":1,"minecraft:porkchop":4,"minecraft:diamond_helmet":2,"minecraft:diamond_leggings":5},"minecraft:crafted":{"minecraft:bow":1,"minecraft:stick":8,"minecraft:acacia_planks":4,"minecraft:diamond_shovel":1}},"DataVersion":2975}