{"stats":{"minecraft:custom":{"minecraft:mob_kills":20,"minecraft:interact_with_crafting_table":15,"minecraft:bell_ring":7,"minecraft:leave_game":1,"minecraft:time_since_death":1584,"minecraft:sleep_in_bed":1,"minecraft:climb_one_cm":244,"minecraft:time_since_rest":1591,"minecraft:sprint_one_cm":106345,"minecraft:damage_taken":1907,"minecraft:walk_one_cm":64931,"minecraft:drop":47,"minecraft:damage_dealt":3998,"minecraft:fly_one_cm":214714,"minecraft:open_chest":2,"minecraft:crouch_one_cm":369,"minecraft:play_time":38082,"minecraft:deaths":5,"minecraft:sneak_time":420,"minecraft:jump":1108,"minecraft:total_world_time":38082,"minecraft:fall_one_cm":49686},"minecraft:picked_up":{"minecraft:crafting_table":1,"minecraft:leather":2,"minecraft:yellow_bed":2,"minecraft:dirt":57,"minecraft:string":14,"minecraft:netherite_scrap":7,"minecraft:bone":6,"minecraft:acacia_planks":4,"minecraft:diamond_leggings":4,"minecraft:wheat_seeds":30,"minecraft:netherite_sword":4,"minecraft:beef":7,"minecraft:diamond_helmet":1,"minecraft:egg":1,"minecraft:stick":6,"minecraft:acacia_log":1,"minecraft:porkchop":5,"minecraft:white_bed":1,"minecraft:grass_block":1,"minecraft:spider_eye":1,"minecraft:diamond_shovel":1,"minecraft:arrow":6,"minecraft:rotten_flesh":2,"minecraft:diamond_chestplate":7,"minecraft:diamond":28,"minecraft:diamond_boots":4,"minecraft:hay_block":12,"minecraft:bread":37,"minecraft:mutton":2,"minecraft:white_wool":2,"minecraft:ender_pearl":1},"minecraft:killed":{"minecraft:pig":3,"minecraft:spider":6,"minecraft:sheep":2,"minecraft:horse":1,"minecraft:skeleton":2,"minecraft:zombie":1,"minecraft:cow":3,"minecraft:enderman":2},"minecraft:killed_by":{"minecraft:pillager":1},"minecraft:dropped":{"minecraft:bread":37,"minecraft:wheat_seeds":1,"minecraft:diamond":8,"minecraft:diamond_chestplate":1},"minecraft:mined":{"minecraft:white_bed":1,"minecraft:acacia_log":2,"minecraft:grass_block":36,"minecraft:tall_grass":3,"minecraft:hay_block":12,"minecraft:yellow_bed":2,"minecraft:grass":109,"minecraft:dirt":10,"minecraft:tripwire":4},"minecraft:used":{"minecraft:netherite_sword":83,"minecraft:diamond_boots":2,"minecraft:ender_pearl":1,"minecraft:rotten_flesh":2,"minecraft:white_wool":2,"minecraft:dirt":44,"minecraft:mutton":2,"minecraft:crafting_table":1,"minecraft:diamond_helmet":2,"minecraft:white_bed":1,"minecraft:diamond_shovel":36,"minecraft:grass_block":1,"minecraft:bread":9,"minecraft:string":4,"minecraft:diamond_chestplate":3,"minecraft:bow":2,"minecraft:beef":3,"minecraft:porkchop":4,"minecraft:yellow_bed":1,"minecraft:diamond_leggings":5},"minecraft:crafted":{"minecraft:diamond_shovel":1,"minecraft:bread":36,"minecraft:bow":1,"minecraft:stick":8,"minecraft:acacia_planks":4,"minecraft:wheat":108}},"DataVersion":2975}