{"stats":{"minecraft:custom":{"minecraft:time_since_rest":1339,"minecraft:crouch_one_cm":76,"minecraft:deaths":1,"minecraft:play_time":6000,"minecraft:sprint_one_cm":7349,"minecraft:damage_taken":347,"minecraft:walk_one_cm":15507,"minecraft:sneak_time":56,"minecraft:mob_kills":5,"minecraft:jump":139,"minecraft:damage_dealt":930,"minecraft:time_since_death":1333,"minecraft:total_world_time":6000,"minecraft:fall_one_cm":4383,"minecraft:fly_one_cm":12854},"minecraft:picked_up":{"minecraft:rotten_flesh":1,"minecraft:diamond_chestplate":2,"minecraft:diamond_leggings":2,"minecraft:wheat_seeds":3,"minecraft:netherite_sword":2,"minecraft:diamond_boots":2,"minecraft:porkchop":1,"minecraft:diamond_helmet":1,"minecraft:string":1},"minecraft:killed":{"minecraft:spider":3,"minecraft:zombie":1,"minecraft:pig":1},"minecraft:mined":{"minecraft:grass":23,"minecraft:grass_block":1},"minecraft:used":{"minecraft:diamond_chestplate":2,"minecraft:netherite_sword":24,"minecraft:diamond_boots":2,"minecraft:porkchop":1,"minecraft:diamond_helmet":1,"minecraft:diamond_leggings":3}},"DataVersion":2975}