{"stats":{"minecraft:custom":{"minecraft:time_since_rest":2868,"minecraft:sprint_one_cm":43095,"minecraft:walk_one_cm":39304,"minecraft:damage_taken":768,"minecraft:mob_kills":8,"minecraft:drop":10,"minecraft:damage_dealt":1720,"minecraft:interact_with_crafting_table":7,"minecraft:fly_one_cm":75138,"minecraft:play_time":18000,"minecraft:crouch_one_cm":119,"minecraft:deaths":2,"minecraft:sneak_time":138,"minecraft:jump":474,"minecraft:time_since_death":2861,"minecraft:total_world_time":18000,"minecraft:fall_one_cm":13089},"minecraft:picked_up":{"minecraft:stick":4,"minecraft:crafting_table":1,"minecraft:acacia_log":1,"minecraft:porkchop":1,"minecraft:string":8,"minecraft:dirt":28,"minecraft:netherite_scrap":4,"minecraft:acacia_planks":2,"minecraft:bone":4,"minecraft:arrow":4,"minecraft:diamond_chestplate":5,"minecraft:rotten_flesh":2,"minecraft:diamond":24,"minecraft:wheat_seeds":15,"minecraft:diamond_leggings":3,"minecraft:netherite_sword":3,"minecraft:diamond_boots":3,"minecraft:beef":3,"minecraft:diamond_helmet":1},"minecraft:killed":{"minecraft:skeleton":1,"minecraft:zombie":1,"minecraft:pig":1,"minecraft:spider":4,"minecraft:cow":1},"minecraft:dropped":{"minecraft:wheat_seeds":1,"minecraft:diamond_chestplate":1,"minecraft:diamond":8},"minecraft:mined":{"minecraft:acacia_log":2,"minecraft:grass":65,"minecraft:grass_block":22,"minecraft:dirt":3,"minecraft:tripwire":1},"minecraft:used":{"minecraft:netherite_sword":39,"minecraft:diamond_boots":2,"minecraft:diamond_shovel":14,"minecraft:string":1,"minecraft:rotten_flesh":2,"minecraft:diamond_chestplate":2,"minecraft:dirt":12,"minecraft:beef":3,"minecraft:crafting_table":1,"minecraft:porkchop":1,"minecraft:diamond_helmet":1,"minecraft:diamond_leggings":4},"minecraft:crafted":{"minecraft:stick":4,"minecraft:acacia_planks":4,"minecraft:diamond_shovel":1}},"DataVersion":2975}