{"stats":{"minecraft:used":{"minecraft:golden_sword":27,"minecraft:water_bucket":1,"minecraft:netherite_sword":4,"minecraft:lava_bucket":17,"minecraft:anvil":2,"minecraft:skeleton_spawn_egg":1,"minecraft:crafting_table":2,"minecraft:grass_block":52},"minecraft:dropped":{"minecraft:leather":2,"minecraft:beef":1,"minecraft:paper":2},"minecraft:picked_up":{"minecraft:arrow":1,"minecraft:rotten_flesh":1,"minecraft:leather":2,"minecraft:beef":1,"minecraft:string":2,"minecraft:paper":2},"minecraft:killed":{"minecraft:spider":2,"minecraft:skeleton":2,"minecraft:zombie":4,"minecraft:creeper":1,"minecraft:cow":1},"minecraft:custom":{"minecraft:time_since_rest":192000,"minecraft:crouch_one_cm":352,"minecraft:play_time":192000,"minecraft:sprint_one_cm":28236,"minecraft:walk_one_cm":66275,"minecraft:sneak_time":107,"minecraft:interact_with_anvil":4,"minecraft:mob_kills":10,"minecraft:drop":4,"minecraft:jump":737,"minecraft:damage_dealt":2773,"minecraft:time_since_death":192000,"minecraft:walk_on_water_one_cm":608,"minecraft:total_world_time":192000,"minecraft:interact_with_crafting_table":3,"minecraft:fly_one_cm":77401}},"DataVersion":2975}