{"stats":{"minecraft:used":{"minecraft:golden_sword":17,"minecraft:water_bucket":1,"minecraft:netherite_sword":4,"minecraft:lava_bucket":17,"minecraft:anvil":2,"minecraft:skeleton_spawn_egg":1,"minecraft:crafting_table":2,"minecraft:grass_block":52},"minecraft:dropped":{"minecraft:leather":2,"minecraft:beef":1,"minecraft:paper":2},"minecraft:picked_up":{"minecraft:arrow":1,"minecraft:rotten_flesh":1,"minecraft:leather":2,"minecraft:beef":1,"minecraft:string":2,"minecraft:paper":2},"minecraft:killed":{"minecraft:spider":2,"minecraft:skeleton":2,"minecraft:zombie":2,"minecraft:creeper":1,"minecraft:cow":1},"minecraft:custom":{"minecraft:time_since_rest":132000,"minecraft:crouch_one_cm":349,"minecraft:play_time":132000,"minecraft:sprint_one_cm":26220,"minecraft:walk_one_cm":63824,"minecraft:sneak_time":83,"minecraft:interact_with_anvil":4,"minecraft:mob_kills":8,"minecraft:drop":4,"minecraft:jump":689,"minecraft:damage_dealt":2361,"minecraft:time_since_death":132000,"minecraft:walk_on_water_one_cm":608,"minecraft:total_world_time":132000,"minecraft:interact_with_crafting_table":2,"minecraft:fly_one_cm":67517}},"DataVersion":2975}