{"stats":{"minecraft:custom":{"minecraft:time_since_rest":547062,"minecraft:sprint_one_cm":36236,"minecraft:damage_taken":40,"minecraft:walk_one_cm":135743,"minecraft:interact_with_anvil":5,"minecraft:mob_kills":16,"minecraft:drop":42,"minecraft:damage_dealt":3856,"minecraft:interact_with_crafting_table":20,"minecraft:fly_one_cm":113795,"minecraft:open_chest":1,"minecraft:crouch_one_cm":549,"minecraft:play_time":547062,"minecraft:sneak_time":302,"minecraft:jump":996,"minecraft:leave_game":4,"minecraft:walk_on_water_one_cm":608,"minecraft:time_since_death":547062,"minecraft:total_world_time":547062,"minecraft:fall_one_cm":1672},"minecraft:picked_up":{"minecraft:fishing_rod":1,"minecraft:cooked_porkchop":384,"minecraft:leather":2,"minecraft:diamond_sword":1,"minecraft:string":11,"minecraft:netherite_leggings":1,"minecraft:spider_eye":2,"minecraft:dirt":29,"minecraft:paper":2,"minecraft:netherite_scrap":3,"minecraft:arrow":6,"minecraft:bone":5,"minecraft:diamond_chestplate":2,"minecraft:rotten_flesh":20,"minecraft:diamond":64,"minecraft:wheat_seeds":10,"minecraft:diamond_leggings":2,"minecraft:diamond_boots":1,"minecraft:beef":1,"minecraft:golden_apple":6,"minecraft:diamond_helmet":2,"minecraft:enchanted_golden_apple":1},"minecraft:killed":{"minecraft:skeleton":4,"minecraft:zombie":5,"minecraft:spider":4,"minecraft:creeper":2,"minecraft:cow":1},"minecraft:dropped":{"minecraft:diamond_sword":1,"minecraft:wheat_seeds":2,"minecraft:netherite_scrap":5,"minecraft:diamond_chestplate":2,"minecraft:diamond":64,"minecraft:cooked_porkchop":385,"minecraft:diamond_leggings":2,"minecraft:diamond_helmet":2,"minecraft:rotten_flesh":2,"minecraft:leather":2,"minecraft:enchanted_golden_apple":1,"minecraft:diamond_boots":1,"minecraft:beef":1,"minecraft:paper":2,"minecraft:string":1,"minecraft:fishing_rod":2,"minecraft:golden_apple":7,"minecraft:netherite_leggings":1,"minecraft:bone":1},"minecraft:mined":{"minecraft:grass":4,"minecraft:grass_block":5,"minecraft:dirt":3,"minecraft:tall_grass":1},"minecraft:used":{"minecraft:water_bucket":1,"minecraft:netherite_sword":11,"minecraft:lava_bucket":17,"minecraft:grass_block":52,"minecraft:chest":2,"minecraft:diamond_sword":4,"minecraft:fishing_rod":1,"minecraft:golden_sword":27,"minecraft:dirt":3,"minecraft:anvil":3,"minecraft:skeleton_spawn_egg":1,"minecraft:crafting_table":4},"minecraft:crafted":{"minecraft:fishing_rod":7,"minecraft:chest":2}},"DataVersion":2975}