{"stats":{"minecraft:used":{"minecraft:water_bucket":1,"minecraft:netherite_sword":4,"minecraft:lava_bucket":17,"minecraft:skeleton_spawn_egg":1,"minecraft:crafting_table":1,"minecraft:grass_block":52},"minecraft:dropped":{"minecraft:leather":2,"minecraft:beef":1},"minecraft:picked_up":{"minecraft:rotten_flesh":1,"minecraft:leather":2,"minecraft:beef":1},"minecraft:killed":{"minecraft:skeleton":1,"minecraft:zombie":2,"minecraft:creeper":1,"minecraft:cow":1},"minecraft:custom":{"minecraft:time_since_rest":120000,"minecraft:crouch_one_cm":215,"minecraft:play_time":120000,"minecraft:sprint_one_cm":22375,"minecraft:walk_one_cm":58197,"minecraft:sneak_time":68,"minecraft:mob_kills":5,"minecraft:drop":2,"minecraft:jump":607,"minecraft:damage_dealt":1433,"minecraft:time_since_death":120000,"minecraft:walk_on_water_one_cm":608,"minecraft:total_world_time":120000,"minecraft:interact_with_crafting_table":1,"minecraft:fly_one_cm":50935}},"DataVersion":2975}