{"stats":{"minecraft:custom":{"minecraft:mob_kills":16,"minecraft:interact_with_anvil":7,"minecraft:interact_with_crafting_table":22,"minecraft:leave_game":4,"minecraft:time_since_death":40158,"minecraft:time_since_rest":40168,"minecraft:sprint_one_cm":44590,"minecraft:damage_absorbed":103,"minecraft:damage_taken":753,"minecraft:walk_one_cm":193214,"minecraft:damage_blocked_by_shield":1007,"minecraft:drop":109,"minecraft:damage_dealt":4270,"minecraft:player_kills":1,"minecraft:fly_one_cm":201003,"minecraft:open_chest":1,"minecraft:deaths":1,"minecraft:crouch_one_cm":2961,"minecraft:play_time":631062,"minecraft:sneak_time":1764,"minecraft:walk_under_water_one_cm":71,"minecraft:jump":1370,"minecraft:walk_on_water_one_cm":1990,"minecraft:total_world_time":631062,"minecraft:fall_one_cm":4493},"minecraft:picked_up":{"minecraft:fishing_rod":4,"minecraft:crafting_table":1,"minecraft:iron_chestplate":2,"minecraft:feather":61,"minecraft:water_bucket":2,"minecraft:leather":2,"minecraft:diamond_sword":1,"minecraft:shield":2,"minecraft:golden_sword":1,"minecraft:netherite_leggings":1,"minecraft:dirt":71,"minecraft:string":78,"minecraft:paper":63,"minecraft:iron_axe":2,"minecraft:netherite_scrap":14,"minecraft:bone":5,"minecraft:diamond_leggings":6,"minecraft:wheat_seeds":24,"minecraft:netherite_sword":4,"minecraft:iron_ingot":5,"minecraft:beef":1,"minecraft:netherite_axe":2,"minecraft:diamond_helmet":5,"minecraft:enchanted_golden_apple":1,"minecraft:chest":3,"minecraft:oak_planks":48,"minecraft:acacia_sapling":1,"minecraft:stick":113,"minecraft:cooked_porkchop":541,"minecraft:grass_block":64,"minecraft:spider_eye":2,"minecraft:rotten_flesh":20,"minecraft:skeleton_spawn_egg":1,"minecraft:arrow":12,"minecraft:diamond_chestplate":7,"minecraft:diamond":133,"minecraft:diamond_boots":2,"minecraft:golden_apple":10,"minecraft:cobblestone":1},"minecraft:killed":{"minecraft:spider":4,"minecraft:creeper":2,"minecraft:skeleton":4,"minecraft:zombie":5,"minecraft:cow":1},"minecraft:killed_by":{"minecraft:player":1},"minecraft:dropped":{"minecraft:water_bucket":3,"minecraft:iron_ingot":11,"minecraft:wheat_seeds":6,"minecraft:diamond":73,"minecraft:cooked_porkchop":485,"minecraft:netherite_sword":3,"minecraft:diamond_leggings":4,"minecraft:netherite_axe":2,"minecraft:rotten_flesh":2,"minecraft:enchanted_golden_apple":1,"minecraft:leather":2,"minecraft:golden_apple":9,"minecraft:netherite_leggings":1,"minecraft:diamond_sword":1,"minecraft:shield":1,"minecraft:netherite_scrap":20,"minecraft:diamond_chestplate":4,"minecraft:iron_chestplate":1,"minecraft:diamond_helmet":4,"minecraft:diamond_boots":2,"minecraft:iron_axe":2,"minecraft:beef":1,"minecraft:paper":2,"minecraft:string":1,"minecraft:fishing_rod":2,"minecraft:bone":1},"minecraft:mined":{"minecraft:grass_block":5,"minecraft:tall_grass":2,"minecraft:grass":16,"minecraft:dirt":3},"minecraft:used":{"minecraft:water_bucket":4,"minecraft:netherite_sword":11,"minecraft:chest":2,"minecraft:shield":13,"minecraft:golden_apple":3,"minecraft:dirt":3,"minecraft:anvil":3,"minecraft:skeleton_spawn_egg":1,"minecraft:crafting_table":4,"minecraft:diamond_helmet":1,"minecraft:lava_bucket":17,"minecraft:iron_axe":17,"minecraft:grass_block":53,"minecraft:diamond_chestplate":2,"minecraft:golden_sword":27,"minecraft:fishing_rod":1,"minecraft:diamond_sword":4,"minecraft:cobblestone":4,"minecraft:cooked_porkchop":2,"minecraft:bucket":3,"minecraft:diamond_leggings":2},"minecraft:crafted":{"minecraft:fishing_rod":7,"minecraft:chest":2}},"DataVersion":2975}