{"stats":{"minecraft:used":{"minecraft:water_bucket":1,"minecraft:lava_bucket":17,"minecraft:crafting_table":1,"minecraft:grass_block":52},"minecraft:dropped":{"minecraft:leather":2,"minecraft:beef":1},"minecraft:killed":{"minecraft:zombie":1,"minecraft:cow":1},"minecraft:picked_up":{"minecraft:rotten_flesh":1,"minecraft:leather":2,"minecraft:beef":1},"minecraft:custom":{"minecraft:time_since_rest":42000,"minecraft:crouch_one_cm":33,"minecraft:play_time":42000,"minecraft:sprint_one_cm":1839,"minecraft:walk_one_cm":17833,"minecraft:sneak_time":13,"minecraft:mob_kills":2,"minecraft:drop":2,"minecraft:jump":149,"minecraft:damage_dealt":372,"minecraft:time_since_death":42000,"minecraft:walk_on_water_one_cm":608,"minecraft:total_world_time":42000,"minecraft:interact_with_crafting_table":1,"minecraft:fly_one_cm":11788}},"DataVersion":2975}