{"stats":{"minecraft:used":{"minecraft:water_bucket":1,"minecraft:netherite_sword":4,"minecraft:lava_bucket":17,"minecraft:crafting_table":1,"minecraft:grass_block":52},"minecraft:dropped":{"minecraft:leather":2,"minecraft:beef":1},"minecraft:picked_up":{"minecraft:rotten_flesh":1,"minecraft:leather":2,"minecraft:beef":1},"minecraft:killed":{"minecraft:skeleton":1,"minecraft:zombie":1,"minecraft:cow":1},"minecraft:custom":{"minecraft:time_since_rest":78000,"minecraft:crouch_one_cm":33,"minecraft:play_time":78000,"minecraft:sprint_one_cm":6188,"minecraft:walk_one_cm":35381,"minecraft:sneak_time":13,"minecraft:mob_kills":3,"minecraft:drop":2,"minecraft:jump":308,"minecraft:damage_dealt":832,"minecraft:time_since_death":78000,"minecraft:walk_on_water_one_cm":608,"minecraft:total_world_time":78000,"minecraft:interact_with_crafting_table":1,"minecraft:fly_one_cm":19036}},"DataVersion":2975}