{"stats":{"minecraft:used":{"minecraft:lava_bucket":14,"minecraft:crafting_table":1,"minecraft:grass_block":48},"minecraft:killed":{"minecraft:zombie":1},"minecraft:picked_up":{"minecraft:rotten_flesh":1},"minecraft:custom":{"minecraft:jump":92,"minecraft:time_since_rest":18000,"minecraft:damage_dealt":272,"minecraft:crouch_one_cm":33,"minecraft:sprint_one_cm":243,"minecraft:play_time":18000,"minecraft:time_since_death":18000,"minecraft:walk_one_cm":13899,"minecraft:sneak_time":13,"minecraft:total_world_time":18000,"minecraft:mob_kills":1,"minecraft:interact_with_crafting_table":1,"minecraft:fly_one_cm":2604}},"DataVersion":2975}