{"stats":{"minecraft:used":{"minecraft:lava_bucket":1,"minecraft:crafting_table":1,"minecraft:grass_block":30},"minecraft:killed":{"minecraft:zombie":1},"minecraft:picked_up":{"minecraft:rotten_flesh":1},"minecraft:custom":{"minecraft:jump":58,"minecraft:time_since_rest":6000,"minecraft:damage_dealt":272,"minecraft:crouch_one_cm":33,"minecraft:sprint_one_cm":243,"minecraft:play_time":6000,"minecraft:time_since_death":6000,"minecraft:walk_one_cm":6480,"minecraft:sneak_time":13,"minecraft:total_world_time":6000,"minecraft:mob_kills":1,"minecraft:interact_with_crafting_table":1,"minecraft:fly_one_cm":2577}},"DataVersion":2975}