{"stats":{"minecraft:custom":{"minecraft:interact_with_anvil":7,"minecraft:mob_kills":34,"minecraft:interact_with_crafting_table":24,"minecraft:leave_game":6,"minecraft:time_since_death":1544568,"minecraft:damage_resisted":93,"minecraft:time_since_rest":1544578,"minecraft:damage_absorbed":276,"minecraft:sprint_one_cm":91045,"minecraft:damage_taken":1386,"minecraft:walk_one_cm":302308,"minecraft:damage_blocked_by_shield":1007,"minecraft:drop":136,"minecraft:damage_dealt":7980,"minecraft:fly_one_cm":344909,"minecraft:player_kills":1,"minecraft:open_chest":1,"minecraft:crouch_one_cm":4107,"minecraft:play_time":2135472,"minecraft:deaths":1,"minecraft:sneak_time":2236,"minecraft:walk_under_water_one_cm":71,"minecraft:jump":2601,"minecraft:walk_on_water_one_cm":1990,"minecraft:total_world_time":2135472,"minecraft:fall_one_cm":6177},"minecraft:picked_up":{"minecraft:fishing_rod":4,"minecraft:iron_chestplate":2,"minecraft:crafting_table":1,"minecraft:feather":61,"minecraft:water_bucket":2,"minecraft:leather":3,"minecraft:diamond_sword":1,"minecraft:shield":2,"minecraft:golden_sword":1,"minecraft:gunpowder":1,"minecraft:netherite_leggings":1,"minecraft:string":82,"minecraft:dirt":72,"minecraft:paper":63,"minecraft:iron_axe":2,"minecraft:netherite_scrap":14,"minecraft:bone":5,"minecraft:diamond_leggings":7,"minecraft:wheat_seeds":31,"minecraft:netherite_sword":5,"minecraft:iron_ingot":5,"minecraft:beef":4,"minecraft:netherite_axe":2,"minecraft:diamond_helmet":6,"minecraft:enchanted_golden_apple":1,"minecraft:chest":3,"minecraft:oak_planks":48,"minecraft:acacia_sapling":1,"minecraft:stick":113,"minecraft:cooked_porkchop":541,"minecraft:porkchop":2,"minecraft:grass_block":64,"minecraft:spider_eye":3,"minecraft:skeleton_spawn_egg":1,"minecraft:rotten_flesh":26,"minecraft:arrow":13,"minecraft:diamond_chestplate":8,"minecraft:diamond":133,"minecraft:diamond_boots":3,"minecraft:golden_apple":10,"minecraft:baked_potato":1,"minecraft:cobblestone":1},"minecraft:killed":{"minecraft:pig":1,"minecraft:spider":6,"minecraft:creeper":3,"minecraft:skeleton":6,"minecraft:zombie":16,"minecraft:cow":2},"minecraft:killed_by":{"minecraft:player":1},"minecraft:dropped":{"minecraft:water_bucket":3,"minecraft:iron_ingot":11,"minecraft:wheat_seeds":6,"minecraft:diamond":84,"minecraft:crafting_table":1,"minecraft:cooked_porkchop":485,"minecraft:netherite_sword":5,"minecraft:diamond_leggings":6,"minecraft:netherite_axe":2,"minecraft:rotten_flesh":2,"minecraft:enchanted_golden_apple":1,"minecraft:leather":2,"minecraft:golden_apple":9,"minecraft:netherite_leggings":1,"minecraft:diamond_sword":1,"minecraft:shield":1,"minecraft:netherite_scrap":25,"minecraft:diamond_chestplate":6,"minecraft:iron_chestplate":1,"minecraft:diamond_helmet":5,"minecraft:diamond_boots":4,"minecraft:iron_axe":2,"minecraft:beef":1,"minecraft:paper":2,"minecraft:string":3,"minecraft:fishing_rod":2,"minecraft:bone":1},"minecraft:mined":{"minecraft:grass_block":5,"minecraft:tall_grass":2,"minecraft:grass":22,"minecraft:dirt":3},"minecraft:used":{"minecraft:water_bucket":4,"minecraft:netherite_sword":59,"minecraft:redstone":2,"minecraft:netherite_chestplate":1,"minecraft:zombie_spawn_egg":10,"minecraft:chest":2,"minecraft:shield":13,"minecraft:rotten_flesh":1,"minecraft:golden_apple":3,"minecraft:dirt":3,"minecraft:anvil":3,"minecraft:skeleton_spawn_egg":2,"minecraft:netherite_leggings":1,"minecraft:crafting_table":5,"minecraft:netherite_helmet":1,"minecraft:diamond_helmet":1,"minecraft:lever":2,"minecraft:lava_bucket":17,"minecraft:command_block":1,"minecraft:iron_axe":17,"minecraft:grass_block":53,"minecraft:netherite_axe":4,"minecraft:diamond_sword":4,"minecraft:netherite_boots":1,"minecraft:diamond_chestplate":2,"minecraft:golden_sword":27,"minecraft:fishing_rod":1,"minecraft:cobblestone":4,"minecraft:cooked_porkchop":2,"minecraft:bucket":3,"minecraft:enchanted_golden_apple":6,"minecraft:diamond_leggings":2},"minecraft:crafted":{"minecraft:fishing_rod":7,"minecraft:chest":2}},"DataVersion":2975}