{"stats":{"minecraft:custom":{"minecraft:mob_kills":20,"minecraft:interact_with_anvil":7,"minecraft:interact_with_crafting_table":24,"minecraft:leave_game":4,"minecraft:time_since_death":484158,"minecraft:time_since_rest":484168,"minecraft:sprint_one_cm":84351,"minecraft:damage_absorbed":103,"minecraft:damage_taken":753,"minecraft:walk_one_cm":259622,"minecraft:damage_blocked_by_shield":1007,"minecraft:drop":136,"minecraft:damage_dealt":5275,"minecraft:player_kills":1,"minecraft:fly_one_cm":321172,"minecraft:open_chest":1,"minecraft:deaths":1,"minecraft:crouch_one_cm":3956,"minecraft:play_time":1075062,"minecraft:sneak_time":2107,"minecraft:walk_under_water_one_cm":71,"minecraft:jump":2292,"minecraft:walk_on_water_one_cm":1990,"minecraft:total_world_time":1075062,"minecraft:fall_one_cm":4493},"minecraft:picked_up":{"minecraft:fishing_rod":4,"minecraft:crafting_table":1,"minecraft:iron_chestplate":2,"minecraft:feather":61,"minecraft:water_bucket":2,"minecraft:leather":2,"minecraft:diamond_sword":1,"minecraft:shield":2,"minecraft:golden_sword":1,"minecraft:netherite_leggings":1,"minecraft:dirt":72,"minecraft:string":81,"minecraft:paper":63,"minecraft:iron_axe":2,"minecraft:netherite_scrap":14,"minecraft:bone":5,"minecraft:diamond_leggings":7,"minecraft:wheat_seeds":30,"minecraft:netherite_sword":5,"minecraft:iron_ingot":5,"minecraft:beef":1,"minecraft:netherite_axe":2,"minecraft:diamond_helmet":6,"minecraft:enchanted_golden_apple":1,"minecraft:chest":3,"minecraft:oak_planks":48,"minecraft:acacia_sapling":1,"minecraft:stick":113,"minecraft:cooked_porkchop":541,"minecraft:porkchop":2,"minecraft:grass_block":64,"minecraft:spider_eye":3,"minecraft:rotten_flesh":20,"minecraft:skeleton_spawn_egg":1,"minecraft:arrow":12,"minecraft:diamond_chestplate":8,"minecraft:diamond":133,"minecraft:diamond_boots":3,"minecraft:golden_apple":10,"minecraft:cobblestone":1},"minecraft:killed":{"minecraft:pig":1,"minecraft:spider":5,"minecraft:creeper":2,"minecraft:skeleton":5,"minecraft:zombie":6,"minecraft:cow":1},"minecraft:killed_by":{"minecraft:player":1},"minecraft:dropped":{"minecraft:water_bucket":3,"minecraft:iron_ingot":11,"minecraft:wheat_seeds":6,"minecraft:diamond":84,"minecraft:crafting_table":1,"minecraft:cooked_porkchop":485,"minecraft:netherite_sword":5,"minecraft:diamond_leggings":6,"minecraft:netherite_axe":2,"minecraft:rotten_flesh":2,"minecraft:enchanted_golden_apple":1,"minecraft:leather":2,"minecraft:golden_apple":9,"minecraft:netherite_leggings":1,"minecraft:diamond_sword":1,"minecraft:shield":1,"minecraft:netherite_scrap":25,"minecraft:diamond_chestplate":6,"minecraft:iron_chestplate":1,"minecraft:diamond_helmet":5,"minecraft:diamond_boots":4,"minecraft:iron_axe":2,"minecraft:beef":1,"minecraft:paper":2,"minecraft:string":3,"minecraft:fishing_rod":2,"minecraft:bone":1},"minecraft:mined":{"minecraft:grass_block":5,"minecraft:tall_grass":2,"minecraft:grass":16,"minecraft:dirt":3},"minecraft:used":{"minecraft:water_bucket":4,"minecraft:netherite_sword":21,"minecraft:redstone":2,"minecraft:chest":2,"minecraft:shield":13,"minecraft:golden_apple":3,"minecraft:dirt":3,"minecraft:anvil":3,"minecraft:skeleton_spawn_egg":1,"minecraft:crafting_table":5,"minecraft:diamond_helmet":1,"minecraft:lever":2,"minecraft:lava_bucket":17,"minecraft:command_block":1,"minecraft:iron_axe":17,"minecraft:grass_block":53,"minecraft:diamond_chestplate":2,"minecraft:golden_sword":27,"minecraft:fishing_rod":1,"minecraft:diamond_sword":4,"minecraft:cobblestone":4,"minecraft:cooked_porkchop":2,"minecraft:bucket":3,"minecraft:diamond_leggings":2},"minecraft:crafted":{"minecraft:fishing_rod":7,"minecraft:chest":2}},"DataVersion":2975}