{"stats":{"minecraft:custom":{"minecraft:mob_kills":27,"minecraft:interact_with_crafting_table":17,"minecraft:leave_game":1,"minecraft:time_since_death":1036,"minecraft:time_since_rest":1042,"minecraft:sprint_one_cm":83238,"minecraft:walk_one_cm":188010,"minecraft:damage_taken":4805,"minecraft:damage_absorbed":40,"minecraft:damage_blocked_by_shield":574,"minecraft:drop":1,"minecraft:damage_dealt":7199,"minecraft:damage_dealt_absorbed":103,"minecraft:fly_one_cm":196750,"minecraft:player_kills":1,"minecraft:open_chest":2,"minecraft:crouch_one_cm":24584,"minecraft:play_time":85982,"minecraft:deaths":12,"minecraft:sneak_time":7673,"minecraft:walk_under_water_one_cm":1959,"minecraft:jump":1477,"minecraft:walk_on_water_one_cm":1573,"minecraft:total_world_time":85982,"minecraft:fall_one_cm":69283},"minecraft:picked_up":{"minecraft:fishing_rod":1,"minecraft:iron_chestplate":1,"minecraft:water_bucket":5,"minecraft:diamond_sword":2,"minecraft:oak_log":4,"minecraft:shield":1,"minecraft:netherite_leggings":2,"minecraft:string":13,"minecraft:dirt":126,"minecraft:iron_axe":2,"minecraft:netherite_scrap":32,"minecraft:bone":4,"minecraft:diamond_leggings":6,"minecraft:wheat_seeds":23,"minecraft:netherite_sword":3,"minecraft:bucket":1,"minecraft:iron_ingot":16,"minecraft:netherite_axe":3,"minecraft:diamond_helmet":5,"minecraft:enchanted_golden_apple":1,"minecraft:acacia_sapling":1,"minecraft:cooked_porkchop":922,"minecraft:acacia_log":6,"minecraft:spider_eye":3,"minecraft:rotten_flesh":21,"minecraft:arrow":4,"minecraft:diamond_chestplate":6,"minecraft:diamond":137,"minecraft:diamond_boots":4,"minecraft:golden_apple":9,"minecraft:cobblestone":19},"minecraft:killed":{"minecraft:spider":11,"minecraft:skeleton":3,"minecraft:zombie":13},"minecraft:killed_by":{"minecraft:player":1,"minecraft:skeleton":2,"minecraft:creeper":2,"minecraft:pillager":1},"minecraft:dropped":{"minecraft:wheat_seeds":1},"minecraft:mined":{"minecraft:acacia_leaves":1,"minecraft:acacia_log":6,"minecraft:grass_block":22,"minecraft:tall_grass":8,"minecraft:grass":78,"minecraft:oak_log":4,"minecraft:dirt":15,"minecraft:stone":18,"minecraft:oak_leaves":10},"minecraft:used":{"minecraft:water_bucket":7,"minecraft:netherite_sword":25,"minecraft:diamond_boots":1,"minecraft:shield":7,"minecraft:wooden_pickaxe":19,"minecraft:rotten_flesh":1,"minecraft:golden_apple":1,"minecraft:dirt":62,"minecraft:crafting_table":2,"minecraft:spider_eye":1,"minecraft:diamond_helmet":3,"minecraft:iron_axe":30,"minecraft:netherite_axe":1,"minecraft:diamond_chestplate":3,"minecraft:fishing_rod":14,"minecraft:diamond_sword":144,"minecraft:cooked_porkchop":7,"minecraft:bucket":7,"minecraft:diamond_leggings":3},"minecraft:crafted":{"minecraft:oak_planks":16,"minecraft:crafting_table":2,"minecraft:wooden_pickaxe":1,"minecraft:stick":32,"minecraft:acacia_planks":24}},"DataVersion":2975}