{"stats":{"minecraft:killed_by":{"minecraft:pillager":1},"minecraft:used":{"minecraft:golden_apple":1,"minecraft:rotten_flesh":1,"minecraft:fishing_rod":14,"minecraft:diamond_chestplate":1,"minecraft:diamond_sword":144,"minecraft:dirt":16,"minecraft:cooked_porkchop":1,"minecraft:spider_eye":1,"minecraft:diamond_helmet":1,"minecraft:diamond_leggings":1},"minecraft:dropped":{"minecraft:wheat_seeds":1},"minecraft:killed":{"minecraft:skeleton":3,"minecraft:zombie":13,"minecraft:spider":9},"minecraft:picked_up":{"minecraft:fishing_rod":1,"minecraft:cooked_porkchop":769,"minecraft:diamond_sword":2,"minecraft:dirt":37,"minecraft:netherite_leggings":2,"minecraft:spider_eye":3,"minecraft:string":11,"minecraft:netherite_scrap":6,"minecraft:arrow":4,"minecraft:bone":4,"minecraft:diamond_chestplate":2,"minecraft:rotten_flesh":21,"minecraft:diamond":128,"minecraft:diamond_leggings":4,"minecraft:wheat_seeds":12,"minecraft:diamond_boots":2,"minecraft:golden_apple":7,"minecraft:diamond_helmet":2,"minecraft:enchanted_golden_apple":1},"minecraft:mined":{"minecraft:grass":62,"minecraft:grass_block":14,"minecraft:dirt":2},"minecraft:custom":{"minecraft:time_since_rest":21,"minecraft:sprint_one_cm":28723,"minecraft:damage_absorbed":40,"minecraft:damage_taken":1390,"minecraft:walk_one_cm":102515,"minecraft:mob_kills":25,"minecraft:drop":1,"minecraft:damage_dealt":6127,"minecraft:interact_with_crafting_table":10,"minecraft:fly_one_cm":66682,"minecraft:crouch_one_cm":15250,"minecraft:play_time":31982,"minecraft:deaths":2,"minecraft:sneak_time":3779,"minecraft:walk_under_water_one_cm":683,"minecraft:jump":544,"minecraft:leave_game":1,"minecraft:walk_on_water_one_cm":21,"minecraft:time_since_death":0,"minecraft:total_world_time":31982,"minecraft:fall_one_cm":20659}},"DataVersion":2975}