{"stats":{"minecraft:custom":{"minecraft:time_since_rest":2904,"minecraft:sprint_one_cm":67998,"minecraft:damage_absorbed":40,"minecraft:damage_taken":2745,"minecraft:walk_one_cm":158258,"minecraft:damage_blocked_by_shield":574,"minecraft:mob_kills":27,"minecraft:drop":1,"minecraft:damage_dealt":7153,"minecraft:damage_dealt_absorbed":80,"minecraft:player_kills":1,"minecraft:interact_with_crafting_table":16,"minecraft:fly_one_cm":162003,"minecraft:open_chest":2,"minecraft:crouch_one_cm":21226,"minecraft:play_time":61982,"minecraft:deaths":5,"minecraft:sneak_time":6874,"minecraft:walk_under_water_one_cm":683,"minecraft:jump":1275,"minecraft:leave_game":1,"minecraft:walk_on_water_one_cm":21,"minecraft:time_since_death":2898,"minecraft:total_world_time":61982,"minecraft:fall_one_cm":52110},"minecraft:picked_up":{"minecraft:fishing_rod":1,"minecraft:iron_chestplate":1,"minecraft:cooked_porkchop":922,"minecraft:diamond_sword":2,"minecraft:shield":1,"minecraft:dirt":120,"minecraft:netherite_leggings":2,"minecraft:spider_eye":3,"minecraft:string":13,"minecraft:iron_axe":1,"minecraft:netherite_scrap":32,"minecraft:arrow":4,"minecraft:bone":4,"minecraft:diamond_chestplate":6,"minecraft:rotten_flesh":21,"minecraft:diamond":137,"minecraft:wheat_seeds":21,"minecraft:diamond_leggings":6,"minecraft:netherite_sword":3,"minecraft:diamond_boots":4,"minecraft:iron_ingot":16,"minecraft:golden_apple":9,"minecraft:netherite_axe":1,"minecraft:diamond_helmet":5,"minecraft:enchanted_golden_apple":1,"minecraft:cobblestone":1},"minecraft:killed":{"minecraft:skeleton":3,"minecraft:zombie":13,"minecraft:spider":11},"minecraft:killed_by":{"minecraft:player":1,"minecraft:creeper":2,"minecraft:pillager":1},"minecraft:dropped":{"minecraft:wheat_seeds":1},"minecraft:mined":{"minecraft:grass":78,"minecraft:grass_block":21,"minecraft:dirt":10,"minecraft:tall_grass":8},"minecraft:used":{"minecraft:netherite_sword":25,"minecraft:diamond_boots":1,"minecraft:iron_axe":8,"minecraft:shield":7,"minecraft:rotten_flesh":1,"minecraft:diamond_chestplate":3,"minecraft:diamond_sword":144,"minecraft:golden_apple":1,"minecraft:fishing_rod":14,"minecraft:dirt":62,"minecraft:cooked_porkchop":7,"minecraft:spider_eye":1,"minecraft:diamond_helmet":3,"minecraft:diamond_leggings":3}},"DataVersion":2975}