{"stats":{"minecraft:custom":{"minecraft:time_since_rest":18021,"minecraft:sprint_one_cm":51570,"minecraft:damage_absorbed":40,"minecraft:damage_taken":1646,"minecraft:walk_one_cm":133662,"minecraft:mob_kills":27,"minecraft:drop":1,"minecraft:damage_dealt":6497,"minecraft:interact_with_crafting_table":16,"minecraft:fly_one_cm":115601,"minecraft:open_chest":2,"minecraft:crouch_one_cm":20675,"minecraft:play_time":49982,"minecraft:deaths":2,"minecraft:sneak_time":5697,"minecraft:walk_under_water_one_cm":683,"minecraft:jump":953,"minecraft:leave_game":1,"minecraft:walk_on_water_one_cm":21,"minecraft:time_since_death":17943,"minecraft:total_world_time":49982,"minecraft:fall_one_cm":39803},"minecraft:picked_up":{"minecraft:fishing_rod":1,"minecraft:cooked_porkchop":784,"minecraft:diamond_sword":2,"minecraft:dirt":47,"minecraft:netherite_leggings":2,"minecraft:spider_eye":3,"minecraft:string":12,"minecraft:netherite_scrap":21,"minecraft:arrow":4,"minecraft:bone":4,"minecraft:diamond_chestplate":3,"minecraft:rotten_flesh":21,"minecraft:diamond":137,"minecraft:wheat_seeds":15,"minecraft:diamond_leggings":5,"minecraft:netherite_sword":1,"minecraft:diamond_boots":3,"minecraft:iron_ingot":11,"minecraft:golden_apple":7,"minecraft:diamond_helmet":3,"minecraft:enchanted_golden_apple":1},"minecraft:killed":{"minecraft:skeleton":3,"minecraft:zombie":13,"minecraft:spider":11},"minecraft:killed_by":{"minecraft:pillager":1},"minecraft:dropped":{"minecraft:wheat_seeds":1},"minecraft:mined":{"minecraft:grass":64,"minecraft:grass_block":19,"minecraft:dirt":7,"minecraft:tall_grass":2},"minecraft:used":{"minecraft:netherite_sword":6,"minecraft:diamond_boots":1,"minecraft:rotten_flesh":1,"minecraft:diamond_chestplate":2,"minecraft:diamond_sword":144,"minecraft:golden_apple":1,"minecraft:fishing_rod":14,"minecraft:dirt":25,"minecraft:cooked_porkchop":5,"minecraft:spider_eye":1,"minecraft:diamond_helmet":2,"minecraft:diamond_leggings":2}},"DataVersion":2975}